{
    "Tags": [
        {
            "Tag": "Root",
            "MainColor": {
                "r": 1.0,
                "g": 1.0,
                "b": 1.0,
                "a": 1.0
            },
            "SecondaryColor": {
                "r": 0.4000000059604645,
                "g": 0.4000000059604645,
                "b": 0.4000000059604645,
                "a": 1.0
            },
            "Description": "The root tag"
        },
        {
            "Tag": "Adjustments",
            "MainColor": {
                "r": 1.0,
                "g": 0.665421187877655,
                "b": 0.0,
                "a": 1.0
            },
            "SecondaryColor": {
                "r": 0.4000000059604645,
                "g": 0.266168475151062,
                "b": 0.0,
                "a": 1.0
            },
            "Description": "Adjustments to Existing Level Geometry/Mechanics"
        },
        {
            "Tag": "Enemy Placements",
            "MainColor": {
                "r": 1.0,
                "g": 0.4432986378669739,
                "b": 0.4103773832321167,
                "a": 1.0
            },
            "SecondaryColor": {
                "r": 0.4000000059604645,
                "g": 0.1773194521665573,
                "b": 0.16415095329284669,
                "a": 1.0
            },
            "Description": "Locations and Enemy Information"
        }
    ]
}